1,2,3,4,5,6,7,8,9,10,11,12,13,14,15,16,17,18,label
1,1,0,0,1,1,0,0,0,0,0,1,0,0,0,1,0,0,145f1dea2868a151535be7fafaf9c108
1,1,0,0,1,1,0,0,0,0,0,1,0,0,0,1,0,0,145f1dea2868a151535be7fafaf9c108
1,1,0,0,1,1,0,0,0,0,0,1,0,0,0,1,0,0,145f1dea2868a151535be7fafaf9c108
1,1,0,0,1,1,0,0,0,0,0,1,0,0,0,1,0,0,145f1dea2868a151535be7fafaf9c108
1,1,0,0,1,1,0,0,0,0,0,1,0,0,0,1,0,0,145f1dea2868a151535be7fafaf9c108
1,1,0,0,1,1,0,0,0,0,0,1,0,0,0,1,0,0,145f1dea2868a151535be7fafaf9c108
1,1,0,0,1,1,0,0,0,0,0,1,0,0,0,1,0,0,145f1dea2868a151535be7fafaf9c108
1,1,0,0,1,1,0,0,0,0,0,1,0,0,0,1,0,0,145f1dea2868a151535be7fafaf9c108
1,1,0,0,1,1,0,0,0,0,0,1,0,0,0,1,0,0,145f1dea2868a151535be7fafaf9c108
1,1,0,0,1,1,0,0,0,0,0,1,0,0,0,1,0,0,145f1dea2868a151535be7fafaf9c108
1,1,0,0,1,1,0,0,0,0,0,1,0,0,0,1,0,0,145f1dea2868a151535be7fafaf9c108
1,1,1,1,1,0,0,0,0,0,0,1,0,0,0,0,0,0,2a2ce0f2c51dec29643c3e88c4db12a3
1,1,1,1,1,0,0,0,0,0,0,1,0,0,0,0,0,0,2a2ce0f2c51dec29643c3e88c4db12a3
1,1,1,1,1,0,0,0,0,0,0,1,0,0,0,0,0,0,2a2ce0f2c51dec29643c3e88c4db12a3
1,1,1,1,1,0,0,0,0,0,0,1,0,0,0,0,0,0,2a2ce0f2c51dec29643c3e88c4db12a3
1,1,1,1,1,0,0,0,0,0,0,1,0,0,0,0,0,0,2a2ce0f2c51dec29643c3e88c4db12a3
1,1,1,1,1,0,0,0,0,0,0,1,0,0,0,0,0,0,2a2ce0f2c51dec29643c3e88c4db12a3
1,1,1,1,1,0,0,0,0,0,0,1,0,0,0,0,0,0,2a2ce0f2c51dec29643c3e88c4db12a3
1,1,1,1,1,0,0,0,0,0,0,1,0,0,0,0,0,0,2a2ce0f2c51dec29643c3e88c4db12a3
1,1,1,1,1,0,0,0,0,0,0,1,0,0,0,0,0,0,2a2ce0f2c51dec29643c3e88c4db12a3
1,1,1,1,1,0,0,0,0,0,0,1,0,0,0,0,0,0,2a2ce0f2c51dec29643c3e88c4db12a3
1,1,1,1,1,0,0,0,0,0,0,1,0,0,0,0,0,0,2a2ce0f2c51dec29643c3e88c4db12a3
1,1,0,0,1,1,0,0,0,1,0,1,0,0,0,0,0,1,2b05e1c91caf59081b7231deff9d2132
1,1,0,0,1,1,0,0,0,1,0,1,0,0,0,0,0,1,2b05e1c91caf59081b7231deff9d2132
1,1,0,0,1,1,0,0,0,1,0,1,0,0,0,0,0,1,2b05e1c91caf59081b7231deff9d2132
1,1,0,0,1,1,0,0,0,1,0,1,0,0,0,0,0,1,2b05e1c91caf59081b7231deff9d2132
1,1,0,0,1,1,0,0,0,1,0,1,0,0,0,0,0,1,2b05e1c91caf59081b7231deff9d2132
1,1,0,0,1,1,0,0,0,1,0,1,0,0,0,0,0,1,2b05e1c91caf59081b7231deff9d2132
1,1,0,0,1,1,0,0,0,1,0,1,0,0,0,0,0,1,2b05e1c91caf59081b7231deff9d2132
1,1,0,0,1,1,0,0,0,1,0,1,0,0,0,0,0,1,2b05e1c91caf59081b7231deff9d2132
1,1,0,0,1,1,0,0,0,1,0,1,0,0,0,0,0,1,2b05e1c91caf59081b7231deff9d2132
1,1,0,0,1,1,0,0,0,1,0,1,0,0,0,0,0,1,2b05e1c91caf59081b7231deff9d2132
1,1,0,0,1,1,0,0,0,1,0,1,0,0,0,0,0,1,2b05e1c91caf59081b7231deff9d2132
0,0,0,0,1,0,0,0,0,1,0,1,0,0,1,1,1,0,3651def80ae83eb534a9d21867a7e577
0,0,0,0,1,0,0,0,0,1,0,1,0,0,1,1,1,0,3651def80ae83eb534a9d21867a7e577
0,0,0,0,1,0,0,0,0,1,0,1,0,0,1,1,1,0,3651def80ae83eb534a9d21867a7e577
0,0,0,0,1,0,0,0,0,1,0,1,0,0,1,1,1,0,3651def80ae83eb534a9d21867a7e577
0,0,0,0,1,0,0,0,0,1,0,1,0,0,1,1,1,0,3651def80ae83eb534a9d21867a7e577
0,0,0,0,1,0,0,0,0,1,0,1,0,0,1,1,1,0,3651def80ae83eb534a9d21867a7e577
0,0,0,0,1,0,0,0,0,1,0,1,0,0,1,1,1,0,3651def80ae83eb534a9d21867a7e577
0,0,0,0,1,0,0,0,0,1,0,1,0,0,1,1,1,0,3651def80ae83eb534a9d21867a7e577
0,0,0,0,1,0,0,0,0,1,0,1,0,0,1,1,1,0,3651def80ae83eb534a9d21867a7e577
0,0,0,0,1,0,0,0,0,1,0,1,0,0,1,1,1,0,3651def80ae83eb534a9d21867a7e577
0,0,0,0,1,0,0,0,0,1,0,1,0,0,1,1,1,0,3651def80ae83eb534a9d21867a7e577
0,0,0,0,1,0,0,0,0,0,0,1,0,0,0,0,0,0,9b9ebed9b861fe659231dee20268afd7
0,0,0,0,1,0,0,0,0,0,0,1,0,0,0,0,0,0,9b9ebed9b861fe659231dee20268afd7
0,0,0,0,1,0,0,0,0,0,0,1,0,0,0,0,0,0,9b9ebed9b861fe659231dee20268afd7
0,0,0,0,1,0,0,0,0,0,0,1,0,0,0,0,0,0,9b9ebed9b861fe659231dee20268afd7
0,0,0,0,1,0,0,0,0,0,0,1,0,0,0,0,0,0,9b9ebed9b861fe659231dee20268afd7
0,0,0,0,1,0,0,0,0,0,0,1,0,0,0,0,0,0,9b9ebed9b861fe659231dee20268afd7
0,0,0,0,1,0,0,0,0,0,0,1,0,0,0,0,0,0,9b9ebed9b861fe659231dee20268afd7
0,0,0,0,1,0,0,0,0,0,0,1,0,0,0,0,0,0,9b9ebed9b861fe659231dee20268afd7
0,0,0,0,1,0,0,0,0,0,0,1,0,0,0,0,0,0,9b9ebed9b861fe659231dee20268afd7
0,0,0,0,1,0,0,0,0,0,0,1,0,0,0,0,0,0,9b9ebed9b861fe659231dee20268afd7
0,0,0,0,1,0,0,0,0,0,0,1,0,0,0,0,0,0,9b9ebed9b861fe659231dee20268afd7
1,1,0,1,1,1,1,0,1,1,0,1,1,0,0,0,0,1,adrd.apk
1,1,0,1,1,1,1,0,1,1,0,1,1,0,0,0,0,1,adrd.apk
1,1,0,1,1,1,1,0,1,1,0,1,1,0,0,0,0,1,adrd.apk
1,1,0,1,1,1,1,0,1,1,0,1,1,0,0,0,0,1,adrd.apk
1,1,0,1,1,1,1,0,1,1,0,1,1,0,0,0,0,1,adrd.apk
1,1,0,1,1,1,1,0,1,1,0,1,1,0,0,0,0,1,adrd.apk
1,1,0,1,1,1,1,0,1,1,0,1,1,0,0,0,0,1,adrd.apk
1,1,0,1,1,1,1,0,1,1,0,1,1,0,0,0,0,1,adrd.apk
1,1,0,1,1,1,1,0,1,1,0,1,1,0,0,0,0,1,adrd.apk
1,1,0,1,1,1,1,0,1,1,0,1,1,0,0,0,0,1,adrd.apk
1,1,0,1,1,1,1,0,1,1,0,1,1,0,0,0,0,1,adrd.apk
1,1,0,1,1,1,0,0,1,1,0,1,1,0,0,1,0,0,anserverbot.apk
1,1,0,1,1,1,0,0,1,1,0,1,1,0,0,1,0,0,anserverbot.apk
1,1,0,1,1,1,0,0,1,1,0,1,1,0,0,1,0,0,anserverbot.apk
1,1,0,1,1,1,0,0,1,1,0,1,1,0,0,1,0,0,anserverbot.apk
1,1,0,1,1,1,0,0,1,1,0,1,1,0,0,1,0,0,anserverbot.apk
1,1,0,1,1,1,0,0,1,1,0,1,1,0,0,1,0,0,anserverbot.apk
1,1,0,1,1,1,0,0,1,1,0,1,1,0,0,1,0,0,anserverbot.apk
1,1,0,1,1,1,0,0,1,1,0,1,1,0,0,1,0,0,anserverbot.apk
1,1,0,1,1,1,0,0,1,1,0,1,1,0,0,1,0,0,anserverbot.apk
1,1,0,1,1,1,0,0,1,1,0,1,1,0,0,1,0,0,anserverbot.apk
1,1,0,1,1,1,0,0,1,1,0,1,1,0,0,1,0,0,anserverbot.apk
0,0,0,0,0,0,0,0,0,0,0,0,0,0,0,0,0,0,asroot.apk
0,0,0,0,0,0,0,0,0,0,0,0,0,0,0,0,0,0,asroot.apk
0,0,0,0,0,0,0,0,0,0,0,0,0,0,0,0,0,0,asroot.apk
0,0,0,0,0,0,0,0,0,0,0,0,0,0,0,0,0,0,asroot.apk
0,0,0,0,0,0,0,0,0,0,0,0,0,0,0,0,0,0,asroot.apk
0,0,0,0,0,0,0,0,0,0,0,0,0,0,0,0,0,0,asroot.apk
0,0,0,0,0,0,0,0,0,0,0,0,0,0,0,0,0,0,asroot.apk
0,0,0,0,0,0,0,0,0,0,0,0,0,0,0,0,0,0,asroot.apk
0,0,0,0,0,0,0,0,0,0,0,0,0,0,0,0,0,0,asroot.apk
0,0,0,0,0,0,0,0,0,0,0,0,0,0,0,0,0,0,asroot.apk
0,0,0,0,0,0,0,0,0,0,0,0,0,0,0,0,0,0,asroot.apk
1,1,0,1,1,1,0,0,1,1,0,1,1,0,0,1,0,0,basebridge.apk
1,1,0,1,1,1,0,0,1,1,0,1,1,0,0,1,0,0,basebridge.apk
1,1,0,1,1,1,0,0,1,1,0,1,1,0,0,1,0,0,basebridge.apk
1,1,0,1,1,1,0,0,1,1,0,1,1,0,0,1,0,0,basebridge.apk
1,1,0,1,1,1,0,0,1,1,0,1,1,0,0,1,0,0,basebridge.apk
1,1,0,1,1,1,0,0,1,1,0,1,1,0,0,1,0,0,basebridge.apk
1,1,0,1,1,1,0,0,1,1,0,1,1,0,0,1,0,0,basebridge.apk
1,1,0,1,1,1,0,0,1,1,0,1,1,0,0,1,0,0,basebridge.apk
1,1,0,1,1,1,0,0,1,1,0,1,1,0,0,1,0,0,basebridge.apk
1,1,0,1,1,1,0,0,1,1,0,1,1,0,0,1,0,0,basebridge.apk
1,1,0,1,1,1,0,0,1,1,0,1,1,0,0,1,0,0,basebridge.apk
0,1,0,0,1,1,0,0,0,1,0,1,0,0,0,1,0,0,beanbot.apk
0,1,0,0,1,1,0,0,0,1,0,1,0,0,0,1,0,0,beanbot.apk
0,1,0,0,1,1,0,0,0,1,0,1,0,0,0,1,0,0,beanbot.apk
0,1,0,0,1,1,0,0,0,1,0,1,0,0,0,1,0,0,beanbot.apk
0,1,0,0,1,1,0,0,0,1,0,1,0,0,0,1,0,0,beanbot.apk
0,1,0,0,1,1,0,0,0,1,0,1,0,0,0,1,0,0,beanbot.apk
0,1,0,0,1,1,0,0,0,1,0,1,0,0,0,1,0,0,beanbot.apk
0,1,0,0,1,1,0,0,0,1,0,1,0,0,0,1,0,0,beanbot.apk
0,1,0,0,1,1,0,0,0,1,0,1,0,0,0,1,0,0,beanbot.apk
0,1,0,0,1,1,0,0,0,1,0,1,0,0,0,1,0,0,beanbot.apk
0,1,0,0,1,1,0,0,0,1,0,1,0,0,0,1,0,0,beanbot.apk
1,1,0,1,1,0,0,0,0,1,0,1,0,0,0,1,0,0,bgserv.apk
1,1,0,1,1,0,0,0,0,1,0,1,0,0,0,1,0,0,bgserv.apk
1,1,0,1,1,0,0,0,0,1,0,1,0,0,0,1,0,0,bgserv.apk
1,1,0,1,1,0,0,0,0,1,0,1,0,0,0,1,0,0,bgserv.apk
1,1,0,1,1,0,0,0,0,1,0,1,0,0,0,1,0,0,bgserv.apk
1,1,0,1,1,0,0,0,0,1,0,1,0,0,0,1,0,0,bgserv.apk
1,1,0,1,1,0,0,0,0,1,0,1,0,0,0,1,0,0,bgserv.apk
1,1,0,1,1,0,0,0,0,1,0,1,0,0,0,1,0,0,bgserv.apk
1,1,0,1,1,0,0,0,0,1,0,1,0,0,0,1,0,0,bgserv.apk
1,1,0,1,1,0,0,0,0,1,0,1,0,0,0,1,0,0,bgserv.apk
1,1,0,1,1,0,0,0,0,1,0,1,0,0,0,1,0,0,bgserv.apk
1,1,0,1,1,0,0,0,1,1,0,1,0,0,0,1,0,0,coinpirate.apk
1,1,0,1,1,0,0,0,1,1,0,1,0,0,0,1,0,0,coinpirate.apk
1,1,0,1,1,0,0,0,1,1,0,1,0,0,0,1,0,0,coinpirate.apk
1,1,0,1,1,0,0,0,1,1,0,1,0,0,0,1,0,0,coinpirate.apk
1,1,0,1,1,0,0,0,1,1,0,1,0,0,0,1,0,0,coinpirate.apk
1,1,0,1,1,0,0,0,1,1,0,1,0,0,0,1,0,0,coinpirate.apk
1,1,0,1,1,0,0,0,1,1,0,1,0,0,0,1,0,0,coinpirate.apk
1,1,0,1,1,0,0,0,1,1,0,1,0,0,0,1,0,0,coinpirate.apk
1,1,0,1,1,0,0,0,1,1,0,1,0,0,0,1,0,0,coinpirate.apk
1,1,0,1,1,0,0,0,1,1,0,1,0,0,0,1,0,0,coinpirate.apk
1,1,0,1,1,0,0,0,1,1,0,1,0,0,0,1,0,0,coinpirate.apk
1,1,0,0,1,1,0,0,1,0,0,1,0,0,0,0,0,0,crusewin.apk
1,1,0,0,1,1,0,0,1,0,0,1,0,0,0,0,0,0,crusewin.apk
1,1,0,0,1,1,0,0,1,0,0,1,0,0,0,0,0,0,crusewin.apk
1,1,0,0,1,1,0,0,1,0,0,1,0,0,0,0,0,0,crusewin.apk
1,1,0,0,1,1,0,0,1,0,0,1,0,0,0,0,0,0,crusewin.apk
1,1,0,0,1,1,0,0,1,0,0,1,0,0,0,0,0,0,crusewin.apk
1,1,0,0,1,1,0,0,1,0,0,1,0,0,0,0,0,0,crusewin.apk
1,1,0,0,1,1,0,0,1,0,0,1,0,0,0,0,0,0,crusewin.apk
1,1,0,0,1,1,0,0,1,0,0,1,0,0,0,0,0,0,crusewin.apk
1,1,0,0,1,1,0,0,1,0,0,1,0,0,0,0,0,0,crusewin.apk
1,1,0,0,1,1,0,0,1,0,0,1,0,0,0,0,0,0,crusewin.apk
1,0,0,1,1,0,0,0,1,0,0,1,1,0,0,0,0,0,dogwars.apk
1,0,0,1,1,0,0,0,1,0,0,1,1,0,0,0,0,0,dogwars.apk
1,0,0,1,1,0,0,0,1,0,0,1,1,0,0,0,0,0,dogwars.apk
1,0,0,1,1,0,0,0,1,0,0,1,1,0,0,0,0,0,dogwars.apk
1,0,0,1,1,0,0,0,1,0,0,1,1,0,0,0,0,0,dogwars.apk
1,0,0,1,1,0,0,0,1,0,0,1,1,0,0,0,0,0,dogwars.apk
1,0,0,1,1,0,0,0,1,0,0,1,1,0,0,0,0,0,dogwars.apk
1,0,0,1,1,0,0,0,1,0,0,1,1,0,0,0,0,0,dogwars.apk
1,0,0,1,1,0,0,0,1,0,0,1,1,0,0,0,0,0,dogwars.apk
1,0,0,1,1,0,0,0,1,0,0,1,1,0,0,0,0,0,dogwars.apk
1,0,0,1,1,0,0,0,1,0,0,1,1,0,0,0,0,0,dogwars.apk
0,0,0,0,1,0,0,0,0,1,0,1,0,0,0,0,0,0,droidcoupon.apk
0,0,0,0,1,0,0,0,0,1,0,1,0,0,0,0,0,0,droidcoupon.apk
0,0,0,0,1,0,0,0,0,1,0,1,0,0,0,0,0,0,droidcoupon.apk
0,0,0,0,1,0,0,0,0,1,0,1,0,0,0,0,0,0,droidcoupon.apk
0,0,0,0,1,0,0,0,0,1,0,1,0,0,0,0,0,0,droidcoupon.apk
0,0,0,0,1,0,0,0,0,1,0,1,0,0,0,0,0,0,droidcoupon.apk
0,0,0,0,1,0,0,0,0,1,0,1,0,0,0,0,0,0,droidcoupon.apk
0,0,0,0,1,0,0,0,0,1,0,1,0,0,0,0,0,0,droidcoupon.apk
0,0,0,0,1,0,0,0,0,1,0,1,0,0,0,0,0,0,droidcoupon.apk
0,0,0,0,1,0,0,0,0,1,0,1,0,0,0,0,0,0,droidcoupon.apk
0,0,0,0,1,0,0,0,0,1,0,1,0,0,0,0,0,0,droidcoupon.apk
0,0,0,0,0,0,0,0,0,1,0,1,0,0,0,0,0,0,droiddeluxe.apk
0,0,0,0,0,0,0,0,0,1,0,1,0,0,0,0,0,0,droiddeluxe.apk
0,0,0,0,0,0,0,0,0,1,0,1,0,0,0,0,0,0,droiddeluxe.apk
0,0,0,0,0,0,0,0,0,1,0,1,0,0,0,0,0,0,droiddeluxe.apk
0,0,0,0,0,0,0,0,0,1,0,1,0,0,0,0,0,0,droiddeluxe.apk
0,0,0,0,0,0,0,0,0,1,0,1,0,0,0,0,0,0,droiddeluxe.apk
0,0,0,0,0,0,0,0,0,1,0,1,0,0,0,0,0,0,droiddeluxe.apk
0,0,0,0,0,0,0,0,0,1,0,1,0,0,0,0,0,0,droiddeluxe.apk
0,0,0,0,0,0,0,0,0,1,0,1,0,0,0,0,0,0,droiddeluxe.apk
0,0,0,0,0,0,0,0,0,1,0,1,0,0,0,0,0,0,droiddeluxe.apk
0,0,0,0,0,0,0,0,0,1,0,1,0,0,0,0,0,0,droiddeluxe.apk
0,0,0,1,1,0,0,0,0,1,0,1,0,0,0,0,0,0,droiddream.apk
0,0,0,1,1,0,0,0,0,1,0,1,0,0,0,0,0,0,droiddream.apk
0,0,0,1,1,0,0,0,0,1,0,1,0,0,0,0,0,0,droiddream.apk
0,0,0,1,1,0,0,0,0,1,0,1,0,0,0,0,0,0,droiddream.apk
0,0,0,1,1,0,0,0,0,1,0,1,0,0,0,0,0,0,droiddream.apk
0,0,0,1,1,0,0,0,0,1,0,1,0,0,0,0,0,0,droiddream.apk
0,0,0,1,1,0,0,0,0,1,0,1,0,0,0,0,0,0,droiddream.apk
0,0,0,1,1,0,0,0,0,1,0,1,0,0,0,0,0,0,droiddream.apk
0,0,0,1,1,0,0,0,0,1,0,1,0,0,0,0,0,0,droiddream.apk
0,0,0,1,1,0,0,0,0,1,0,1,0,0,0,0,0,0,droiddream.apk
0,0,0,1,1,0,0,0,0,1,0,1,0,0,0,0,0,0,droiddream.apk
0,0,0,1,1,0,0,0,0,1,0,1,0,0,0,1,0,0,droidkunfu1.apk
0,0,0,1,1,0,0,0,0,1,0,1,0,0,0,1,0,0,droidkunfu1.apk
0,0,0,1,1,0,0,0,0,1,0,1,0,0,0,1,0,0,droidkunfu1.apk
0,0,0,1,1,0,0,0,0,1,0,1,0,0,0,1,0,0,droidkunfu1.apk
0,0,0,1,1,0,0,0,0,1,0,1,0,0,0,1,0,0,droidkunfu1.apk
0,0,0,1,1,0,0,0,0,1,0,1,0,0,0,1,0,0,droidkunfu1.apk
0,0,0,1,1,0,0,0,0,1,0,1,0,0,0,1,0,0,droidkunfu1.apk
0,0,0,1,1,0,0,0,0,1,0,1,0,0,0,1,0,0,droidkunfu1.apk
0,0,0,1,1,0,0,0,0,1,0,1,0,0,0,1,0,0,droidkunfu1.apk
0,0,0,1,1,0,0,0,0,1,0,1,0,0,0,1,0,0,droidkunfu1.apk
0,0,0,1,1,0,0,0,0,1,0,1,0,0,0,1,0,0,droidkunfu1.apk
0,0,0,0,1,0,0,0,0,0,0,1,0,0,0,0,0,0,droidkunfu2.apk
0,0,0,0,1,0,0,0,0,0,0,1,0,0,0,0,0,0,droidkunfu2.apk
0,0,0,0,1,0,0,0,0,0,0,1,0,0,0,0,0,0,droidkunfu2.apk
0,0,0,0,1,0,0,0,0,0,0,1,0,0,0,0,0,0,droidkunfu2.apk
0,0,0,0,1,0,0,0,0,0,0,1,0,0,0,0,0,0,droidkunfu2.apk
0,0,0,0,1,0,0,0,0,0,0,1,0,0,0,0,0,0,droidkunfu2.apk
0,0,0,0,1,0,0,0,0,0,0,1,0,0,0,0,0,0,droidkunfu2.apk
0,0,0,0,1,0,0,0,0,0,0,1,0,0,0,0,0,0,droidkunfu2.apk
0,0,0,0,1,0,0,0,0,0,0,1,0,0,0,0,0,0,droidkunfu2.apk
0,0,0,0,1,0,0,0,0,0,0,1,0,0,0,0,0,0,droidkunfu2.apk
0,0,0,0,1,0,0,0,0,0,0,1,0,0,0,0,0,0,droidkunfu2.apk
0,0,0,0,1,1,1,0,1,1,0,1,0,0,0,0,0,0,droidkunfu3.apk
0,0,0,0,1,1,1,0,1,1,0,1,0,0,0,0,0,0,droidkunfu3.apk
0,0,0,0,1,1,1,0,1,1,0,1,0,0,0,0,0,0,droidkunfu3.apk
0,0,0,0,1,1,1,0,1,1,0,1,0,0,0,0,0,0,droidkunfu3.apk
0,0,0,0,1,1,1,0,1,1,0,1,0,0,0,0,0,0,droidkunfu3.apk
0,0,0,0,1,1,1,0,1,1,0,1,0,0,0,0,0,0,droidkunfu3.apk
0,0,0,0,1,1,1,0,1,1,0,1,0,0,0,0,0,0,droidkunfu3.apk
0,0,0,0,1,1,1,0,1,1,0,1,0,0,0,0,0,0,droidkunfu3.apk
0,0,0,0,1,1,1,0,1,1,0,1,0,0,0,0,0,0,droidkunfu3.apk
0,0,0,0,1,1,1,0,1,1,0,1,0,0,0,0,0,0,droidkunfu3.apk
0,0,0,0,1,1,1,0,1,1,0,1,0,0,0,0,0,0,droidkunfu3.apk
1,1,0,0,1,1,0,0,1,1,0,1,1,0,0,0,0,1,droidkunfu4.apk
1,1,0,0,1,1,0,0,1,1,0,1,1,0,0,0,0,1,droidkunfu4.apk
1,1,0,0,1,1,0,0,1,1,0,1,1,0,0,0,0,1,droidkunfu4.apk
1,1,0,0,1,1,0,0,1,1,0,1,1,0,0,0,0,1,droidkunfu4.apk
1,1,0,0,1,1,0,0,1,1,0,1,1,0,0,0,0,1,droidkunfu4.apk
1,1,0,0,1,1,0,0,1,1,0,1,1,0,0,0,0,1,droidkunfu4.apk
1,1,0,0,1,1,0,0,1,1,0,1,1,0,0,0,0,1,droidkunfu4.apk
1,1,0,0,1,1,0,0,1,1,0,1,1,0,0,0,0,1,droidkunfu4.apk
1,1,0,0,1,1,0,0,1,1,0,1,1,0,0,0,0,1,droidkunfu4.apk
1,1,0,0,1,1,0,0,1,1,0,1,1,0,0,0,0,1,droidkunfu4.apk
1,1,0,0,1,1,0,0,1,1,0,1,1,0,0,0,0,1,droidkunfu4.apk
1,0,0,0,0,1,0,1,0,0,0,1,0,0,0,0,0,0,e541deee384084603e14b0e45e0616de
1,0,0,0,0,1,0,1,0,0,0,1,0,0,0,0,0,0,e541deee384084603e14b0e45e0616de
1,0,0,0,0,1,0,1,0,0,0,1,0,0,0,0,0,0,e541deee384084603e14b0e45e0616de
1,0,0,0,0,1,0,1,0,0,0,1,0,0,0,0,0,0,e541deee384084603e14b0e45e0616de
1,0,0,0,0,1,0,1,0,0,0,1,0,0,0,0,0,0,e541deee384084603e14b0e45e0616de
1,0,0,0,0,1,0,1,0,0,0,1,0,0,0,0,0,0,e541deee384084603e14b0e45e0616de
1,0,0,0,0,1,0,1,0,0,0,1,0,0,0,0,0,0,e541deee384084603e14b0e45e0616de
1,0,0,0,0,1,0,1,0,0,0,1,0,0,0,0,0,0,e541deee384084603e14b0e45e0616de
1,0,0,0,0,1,0,1,0,0,0,1,0,0,0,0,0,0,e541deee384084603e14b0e45e0616de
1,0,0,0,0,1,0,1,0,0,0,1,0,0,0,0,0,0,e541deee384084603e14b0e45e0616de
1,0,0,0,0,1,0,1,0,0,0,1,0,0,0,0,0,0,e541deee384084603e14b0e45e0616de
1,0,0,0,1,0,0,0,0,0,0,1,0,0,0,0,0,0,ea11996e1de950f3282576c9291196d7
1,0,0,0,1,0,0,0,0,0,0,1,0,0,0,0,0,0,ea11996e1de950f3282576c9291196d7
1,0,0,0,1,0,0,0,0,0,0,1,0,0,0,0,0,0,ea11996e1de950f3282576c9291196d7
1,0,0,0,1,0,0,0,0,0,0,1,0,0,0,0,0,0,ea11996e1de950f3282576c9291196d7
1,0,0,0,1,0,0,0,0,0,0,1,0,0,0,0,0,0,ea11996e1de950f3282576c9291196d7
1,0,0,0,1,0,0,0,0,0,0,1,0,0,0,0,0,0,ea11996e1de950f3282576c9291196d7
1,0,0,0,1,0,0,0,0,0,0,1,0,0,0,0,0,0,ea11996e1de950f3282576c9291196d7
1,0,0,0,1,0,0,0,0,0,0,1,0,0,0,0,0,0,ea11996e1de950f3282576c9291196d7
1,0,0,0,1,0,0,0,0,0,0,1,0,0,0,0,0,0,ea11996e1de950f3282576c9291196d7
1,0,0,0,1,0,0,0,0,0,0,1,0,0,0,0,0,0,ea11996e1de950f3282576c9291196d7
1,0,0,0,1,0,0,0,0,0,0,1,0,0,0,0,0,0,ea11996e1de950f3282576c9291196d7
1,1,0,1,1,1,0,0,1,0,0,1,1,0,0,0,0,0,endoftheworld.apk
1,1,0,1,1,1,0,0,1,0,0,1,1,0,0,0,0,0,endoftheworld.apk
1,1,0,1,1,1,0,0,1,0,0,1,1,0,0,0,0,0,endoftheworld.apk
1,1,0,1,1,1,0,0,1,0,0,1,1,0,0,0,0,0,endoftheworld.apk
1,1,0,1,1,1,0,0,1,0,0,1,1,0,0,0,0,0,endoftheworld.apk
1,1,0,1,1,1,0,0,1,0,0,1,1,0,0,0,0,0,endoftheworld.apk
1,1,0,1,1,1,0,0,1,0,0,1,1,0,0,0,0,0,endoftheworld.apk
1,1,0,1,1,1,0,0,1,0,0,1,1,0,0,0,0,0,endoftheworld.apk
1,1,0,1,1,1,0,0,1,0,0,1,1,0,0,0,0,0,endoftheworld.apk
1,1,0,1,1,1,0,0,1,0,0,1,1,0,0,0,0,0,endoftheworld.apk
1,1,0,1,1,1,0,0,1,0,0,1,1,0,0,0,0,0,endoftheworld.apk
0,0,0,0,1,0,0,0,0,1,0,1,0,0,0,1,1,0,fakenetflix.apk
0,0,0,0,1,0,0,0,0,1,0,1,0,0,0,1,1,0,fakenetflix.apk
0,0,0,0,1,0,0,0,0,1,0,1,0,0,0,1,1,0,fakenetflix.apk
0,0,0,0,1,0,0,0,0,1,0,1,0,0,0,1,1,0,fakenetflix.apk
0,0,0,0,1,0,0,0,0,1,0,1,0,0,0,1,1,0,fakenetflix.apk
0,0,0,0,1,0,0,0,0,1,0,1,0,0,0,1,1,0,fakenetflix.apk
0,0,0,0,1,0,0,0,0,1,0,1,0,0,0,1,1,0,fakenetflix.apk
0,0,0,0,1,0,0,0,0,1,0,1,0,0,0,1,1,0,fakenetflix.apk
0,0,0,0,1,0,0,0,0,1,0,1,0,0,0,1,1,0,fakenetflix.apk
0,0,0,0,1,0,0,0,0,1,0,1,0,0,0,1,1,0,fakenetflix.apk
0,0,0,0,1,0,0,0,0,1,0,1,0,0,0,1,1,0,fakenetflix.apk
1,0,0,0,0,0,0,0,0,0,0,0,0,0,0,0,0,0,fakeplayer.apk
1,0,0,0,0,0,0,0,0,0,0,0,0,0,0,0,0,0,fakeplayer.apk
1,0,0,0,0,0,0,0,0,0,0,0,0,0,0,0,0,0,fakeplayer.apk
1,0,0,0,0,0,0,0,0,0,0,0,0,0,0,0,0,0,fakeplayer.apk
1,0,0,0,0,0,0,0,0,0,0,0,0,0,0,0,0,0,fakeplayer.apk
1,0,0,0,0,0,0,0,0,0,0,0,0,0,0,0,0,0,fakeplayer.apk
1,0,0,0,0,0,0,0,0,0,0,0,0,0,0,0,0,0,fakeplayer.apk
1,0,0,0,0,0,0,0,0,0,0,0,0,0,0,0,0,0,fakeplayer.apk
1,0,0,0,0,0,0,0,0,0,0,0,0,0,0,0,0,0,fakeplayer.apk
1,0,0,0,0,0,0,0,0,0,0,0,0,0,0,0,0,0,fakeplayer.apk
1,0,0,0,0,0,0,0,0,0,0,0,0,0,0,0,0,0,fakeplayer.apk
0,0,0,1,1,0,0,0,0,1,0,1,0,0,0,1,1,0,fea5ccd301de37385ca07b106b6627e7
0,0,0,1,1,0,0,0,0,1,0,1,0,0,0,1,1,0,fea5ccd301de37385ca07b106b6627e7
0,0,0,1,1,0,0,0,0,1,0,1,0,0,0,1,1,0,fea5ccd301de37385ca07b106b6627e7
0,0,0,1,1,0,0,0,0,1,0,1,0,0,0,1,1,0,fea5ccd301de37385ca07b106b6627e7
0,0,0,1,1,0,0,0,0,1,0,1,0,0,0,1,1,0,fea5ccd301de37385ca07b106b6627e7
0,0,0,1,1,0,0,0,0,1,0,1,0,0,0,1,1,0,fea5ccd301de37385ca07b106b6627e7
0,0,0,1,1,0,0,0,0,1,0,1,0,0,0,1,1,0,fea5ccd301de37385ca07b106b6627e7
0,0,0,1,1,0,0,0,0,1,0,1,0,0,0,1,1,0,fea5ccd301de37385ca07b106b6627e7
0,0,0,1,1,0,0,0,0,1,0,1,0,0,0,1,1,0,fea5ccd301de37385ca07b106b6627e7
0,0,0,1,1,0,0,0,0,1,0,1,0,0,0,1,1,0,fea5ccd301de37385ca07b106b6627e7
0,0,0,1,1,0,0,0,0,1,0,1,0,0,0,1,1,0,fea5ccd301de37385ca07b106b6627e7
1,1,0,1,1,1,0,0,0,0,0,1,0,0,0,1,0,0,gamblersms.apk
1,1,0,1,1,1,0,0,0,0,0,1,0,0,0,1,0,0,gamblersms.apk
1,1,0,1,1,1,0,0,0,0,0,1,0,0,0,1,0,0,gamblersms.apk
1,1,0,1,1,1,0,0,0,0,0,1,0,0,0,1,0,0,gamblersms.apk
1,1,0,1,1,1,0,0,0,0,0,1,0,0,0,1,0,0,gamblersms.apk
1,1,0,1,1,1,0,0,0,0,0,1,0,0,0,1,0,0,gamblersms.apk
1,1,0,1,1,1,0,0,0,0,0,1,0,0,0,1,0,0,gamblersms.apk
1,1,0,1,1,1,0,0,0,0,0,1,0,0,0,1,0,0,gamblersms.apk
1,1,0,1,1,1,0,0,0,0,0,1,0,0,0,1,0,0,gamblersms.apk
1,1,0,1,1,1,0,0,0,0,0,1,0,0,0,1,0,0,gamblersms.apk
1,1,0,1,1,1,0,0,0,0,0,1,0,0,0,1,0,0,gamblersms.apk
1,0,0,0,1,1,0,0,0,1,0,1,1,0,0,1,0,0,geimini.apk
1,0,0,0,1,1,0,0,0,1,0,1,1,0,0,1,0,0,geimini.apk
1,0,0,0,1,1,0,0,0,1,0,1,1,0,0,1,0,0,geimini.apk
1,0,0,0,1,1,0,0,0,1,0,1,1,0,0,1,0,0,geimini.apk
1,0,0,0,1,1,0,0,0,1,0,1,1,0,0,1,0,0,geimini.apk
1,0,0,0,1,1,0,0,0,1,0,1,1,0,0,1,0,0,geimini.apk
1,0,0,0,1,1,0,0,0,1,0,1,1,0,0,1,0,0,geimini.apk
1,0,0,0,1,1,0,0,0,1,0,1,1,0,0,1,0,0,geimini.apk
1,0,0,0,1,1,0,0,0,1,0,1,1,0,0,1,0,0,geimini.apk
1,0,0,0,1,1,0,0,0,1,0,1,1,0,0,1,0,0,geimini.apk
1,0,0,0,1,1,0,0,0,1,0,1,1,0,0,1,0,0,geimini.apk
1,1,0,1,1,1,0,0,0,1,0,1,0,0,0,0,0,0,ggtracker.apk
1,1,0,1,1,1,0,0,0,1,0,1,0,0,0,0,0,0,ggtracker.apk
1,1,0,1,1,1,0,0,0,1,0,1,0,0,0,0,0,0,ggtracker.apk
1,1,0,1,1,1,0,0,0,1,0,1,0,0,0,0,0,0,ggtracker.apk
1,1,0,1,1,1,0,0,0,1,0,1,0,0,0,0,0,0,ggtracker.apk
1,1,0,1,1,1,0,0,0,1,0,1,0,0,0,0,0,0,ggtracker.apk
1,1,0,1,1,1,0,0,0,1,0,1,0,0,0,0,0,0,ggtracker.apk
1,1,0,1,1,1,0,0,0,1,0,1,0,0,0,0,0,0,ggtracker.apk
1,1,0,1,1,1,0,0,0,1,0,1,0,0,0,0,0,0,ggtracker.apk
1,1,0,1,1,1,0,0,0,1,0,1,0,0,0,0,0,0,ggtracker.apk
1,1,0,1,1,1,0,0,0,1,0,1,0,0,0,0,0,0,ggtracker.apk
0,0,0,1,1,0,0,0,0,1,0,1,0,0,0,0,0,1,gingermaster.apk
0,0,0,1,1,0,0,0,0,1,0,1,0,0,0,0,0,1,gingermaster.apk
0,0,0,1,1,0,0,0,0,1,0,1,0,0,0,0,0,1,gingermaster.apk
0,0,0,1,1,0,0,0,0,1,0,1,0,0,0,0,0,1,gingermaster.apk
0,0,0,1,1,0,0,0,0,1,0,1,0,0,0,0,0,1,gingermaster.apk
0,0,0,1,1,0,0,0,0,1,0,1,0,0,0,0,0,1,gingermaster.apk
0,0,0,1,1,0,0,0,0,1,0,1,0,0,0,0,0,1,gingermaster.apk
0,0,0,1,1,0,0,0,0,1,0,1,0,0,0,0,0,1,gingermaster.apk
0,0,0,1,1,0,0,0,0,1,0,1,0,0,0,0,0,1,gingermaster.apk
0,0,0,1,1,0,0,0,0,1,0,1,0,0,0,0,0,1,gingermaster.apk
0,0,0,1,1,0,0,0,0,1,0,1,0,0,0,0,0,1,gingermaster.apk
0,1,0,1,1,1,1,0,0,1,0,1,0,0,0,0,0,0,golddream.apk
0,1,0,1,1,1,1,0,0,1,0,1,0,0,0,0,0,0,golddream.apk
0,1,0,1,1,1,1,0,0,1,0,1,0,0,0,0,0,0,golddream.apk
0,1,0,1,1,1,1,0,0,1,0,1,0,0,0,0,0,0,golddream.apk
0,1,0,1,1,1,1,0,0,1,0,1,0,0,0,0,0,0,golddream.apk
0,1,0,1,1,1,1,0,0,1,0,1,0,0,0,0,0,0,golddream.apk
0,1,0,1,1,1,1,0,0,1,0,1,0,0,0,0,0,0,golddream.apk
0,1,0,1,1,1,1,0,0,1,0,1,0,0,0,0,0,0,golddream.apk
0,1,0,1,1,1,1,0,0,1,0,1,0,0,0,0,0,0,golddream.apk
0,1,0,1,1,1,1,0,0,1,0,1,0,0,0,0,0,0,golddream.apk
0,1,0,1,1,1,1,0,0,1,0,1,0,0,0,0,0,0,golddream.apk
0,0,0,0,0,1,0,0,0,0,0,1,1,0,0,0,0,0,gone60.apk
0,0,0,0,0,1,0,0,0,0,0,1,1,0,0,0,0,0,gone60.apk
0,0,0,0,0,1,0,0,0,0,0,1,1,0,0,0,0,0,gone60.apk
0,0,0,0,0,1,0,0,0,0,0,1,1,0,0,0,0,0,gone60.apk
0,0,0,0,0,1,0,0,0,0,0,1,1,0,0,0,0,0,gone60.apk
0,0,0,0,0,1,0,0,0,0,0,1,1,0,0,0,0,0,gone60.apk
0,0,0,0,0,1,0,0,0,0,0,1,1,0,0,0,0,0,gone60.apk
0,0,0,0,0,1,0,0,0,0,0,1,1,0,0,0,0,0,gone60.apk
0,0,0,0,0,1,0,0,0,0,0,1,1,0,0,0,0,0,gone60.apk
0,0,0,0,0,1,0,0,0,0,0,1,1,0,0,0,0,0,gone60.apk
0,0,0,0,0,1,0,0,0,0,0,1,1,0,0,0,0,0,gone60.apk
1,1,0,0,0,0,0,0,0,0,0,0,0,0,0,0,0,0,gpssmsspy.apk
1,1,0,0,0,0,0,0,0,0,0,0,0,0,0,0,0,0,gpssmsspy.apk
1,1,0,0,0,0,0,0,0,0,0,0,0,0,0,0,0,0,gpssmsspy.apk
1,1,0,0,0,0,0,0,0,0,0,0,0,0,0,0,0,0,gpssmsspy.apk
1,1,0,0,0,0,0,0,0,0,0,0,0,0,0,0,0,0,gpssmsspy.apk
1,1,0,0,0,0,0,0,0,0,0,0,0,0,0,0,0,0,gpssmsspy.apk
1,1,0,0,0,0,0,0,0,0,0,0,0,0,0,0,0,0,gpssmsspy.apk
1,1,0,0,0,0,0,0,0,0,0,0,0,0,0,0,0,0,gpssmsspy.apk
1,1,0,0,0,0,0,0,0,0,0,0,0,0,0,0,0,0,gpssmsspy.apk
1,1,0,0,0,0,0,0,0,0,0,0,0,0,0,0,0,0,gpssmsspy.apk
1,1,0,0,0,0,0,0,0,0,0,0,0,0,0,0,0,0,gpssmsspy.apk
1,1,0,1,0,1,0,0,1,1,0,1,0,0,0,0,0,0,hipposms.apk
1,1,0,1,0,1,0,0,1,1,0,1,0,0,0,0,0,0,hipposms.apk
1,1,0,1,0,1,0,0,1,1,0,1,0,0,0,0,0,0,hipposms.apk
1,1,0,1,0,1,0,0,1,1,0,1,0,0,0,0,0,0,hipposms.apk
1,1,0,1,0,1,0,0,1,1,0,1,0,0,0,0,0,0,hipposms.apk
1,1,0,1,0,1,0,0,1,1,0,1,0,0,0,0,0,0,hipposms.apk
1,1,0,1,0,1,0,0,1,1,0,1,0,0,0,0,0,0,hipposms.apk
1,1,0,1,0,1,0,0,1,1,0,1,0,0,0,0,0,0,hipposms.apk
1,1,0,1,0,1,0,0,1,1,0,1,0,0,0,0,0,0,hipposms.apk
1,1,0,1,0,1,0,0,1,1,0,1,0,0,0,0,0,0,hipposms.apk
1,1,0,1,0,1,0,0,1,1,0,1,0,0,0,0,0,0,hipposms.apk
0,0,0,1,0,0,0,0,0,1,0,1,0,0,0,1,0,0,it.ott.news.reddit.apk
0,0,0,1,0,0,0,0,0,1,0,1,0,0,0,1,0,0,it.ott.news.reddit.apk
0,0,0,1,0,0,0,0,0,1,0,1,0,0,0,1,0,0,it.ott.news.reddit.apk
0,0,0,1,0,0,0,0,0,1,0,1,0,0,0,1,0,0,it.ott.news.reddit.apk
0,0,0,1,0,0,0,0,0,1,0,1,0,0,0,1,0,0,it.ott.news.reddit.apk
0,0,0,1,0,0,0,0,0,1,0,1,0,0,0,1,0,0,it.ott.news.reddit.apk
0,0,0,1,0,0,0,0,0,1,0,1,0,0,0,1,0,0,it.ott.news.reddit.apk
0,0,0,1,0,0,0,0,0,1,0,1,0,0,0,1,0,0,it.ott.news.reddit.apk
0,0,0,1,0,0,0,0,0,1,0,1,0,0,0,1,0,0,it.ott.news.reddit.apk
0,0,0,1,0,0,0,0,0,1,0,1,0,0,0,1,0,0,it.ott.news.reddit.apk
0,0,0,1,0,0,0,0,0,1,0,1,0,0,0,1,0,0,it.ott.news.reddit.apk
1,1,0,0,0,0,0,0,0,0,0,1,0,0,0,0,0,0,jifake.apk
1,1,0,0,0,0,0,0,0,0,0,1,0,0,0,0,0,0,jifake.apk
1,1,0,0,0,0,0,0,0,0,0,1,0,0,0,0,0,0,jifake.apk
1,1,0,0,0,0,0,0,0,0,0,1,0,0,0,0,0,0,jifake.apk
1,1,0,0,0,0,0,0,0,0,0,1,0,0,0,0,0,0,jifake.apk
1,1,0,0,0,0,0,0,0,0,0,1,0,0,0,0,0,0,jifake.apk
1,1,0,0,0,0,0,0,0,0,0,1,0,0,0,0,0,0,jifake.apk
1,1,0,0,0,0,0,0,0,0,0,1,0,0,0,0,0,0,jifake.apk
1,1,0,0,0,0,0,0,0,0,0,1,0,0,0,0,0,0,jifake.apk
1,1,0,0,0,0,0,0,0,0,0,1,0,0,0,0,0,0,jifake.apk
1,1,0,0,0,0,0,0,0,0,0,1,0,0,0,0,0,0,jifake.apk
0,0,0,0,1,0,1,0,0,1,0,1,1,0,0,0,0,1,jsmshider.apk
0,0,0,0,1,0,1,0,0,1,0,1,1,0,0,0,0,1,jsmshider.apk
0,0,0,0,1,0,1,0,0,1,0,1,1,0,0,0,0,1,jsmshider.apk
0,0,0,0,1,0,1,0,0,1,0,1,1,0,0,0,0,1,jsmshider.apk
0,0,0,0,1,0,1,0,0,1,0,1,1,0,0,0,0,1,jsmshider.apk
0,0,0,0,1,0,1,0,0,1,0,1,1,0,0,0,0,1,jsmshider.apk
0,0,0,0,1,0,1,0,0,1,0,1,1,0,0,0,0,1,jsmshider.apk
0,0,0,0,1,0,1,0,0,1,0,1,1,0,0,0,0,1,jsmshider.apk
0,0,0,0,1,0,1,0,0,1,0,1,1,0,0,0,0,1,jsmshider.apk
0,0,0,0,1,0,1,0,0,1,0,1,1,0,0,0,0,1,jsmshider.apk
0,0,0,0,1,0,1,0,0,1,0,1,1,0,0,0,0,1,jsmshider.apk
1,1,0,0,1,1,0,1,1,1,0,1,1,0,0,0,1,1,kmin.apk
1,1,0,0,1,1,0,1,1,1,0,1,1,0,0,0,1,1,kmin.apk
1,1,0,0,1,1,0,1,1,1,0,1,1,0,0,0,1,1,kmin.apk
1,1,0,0,1,1,0,1,1,1,0,1,1,0,0,0,1,1,kmin.apk
1,1,0,0,1,1,0,1,1,1,0,1,1,0,0,0,1,1,kmin.apk
1,1,0,0,1,1,0,1,1,1,0,1,1,0,0,0,1,1,kmin.apk
1,1,0,0,1,1,0,1,1,1,0,1,1,0,0,0,1,1,kmin.apk
1,1,0,0,1,1,0,1,1,1,0,1,1,0,0,0,1,1,kmin.apk
1,1,0,0,1,1,0,1,1,1,0,1,1,0,0,0,1,1,kmin.apk
1,1,0,0,1,1,0,1,1,1,0,1,1,0,0,0,1,1,kmin.apk
1,1,0,0,1,1,0,1,1,1,0,1,1,0,0,0,1,1,kmin.apk
1,1,0,1,1,0,0,0,0,1,0,1,0,0,0,0,0,0,lovetrap.apk
1,1,0,1,1,0,0,0,0,1,0,1,0,0,0,0,0,0,lovetrap.apk
1,1,0,1,1,0,0,0,0,1,0,1,0,0,0,0,0,0,lovetrap.apk
1,1,0,1,1,0,0,0,0,1,0,1,0,0,0,0,0,0,lovetrap.apk
1,1,0,1,1,0,0,0,0,1,0,1,0,0,0,0,0,0,lovetrap.apk
1,1,0,1,1,0,0,0,0,1,0,1,0,0,0,0,0,0,lovetrap.apk
1,1,0,1,1,0,0,0,0,1,0,1,0,0,0,0,0,0,lovetrap.apk
1,1,0,1,1,0,0,0,0,1,0,1,0,0,0,0,0,0,lovetrap.apk
1,1,0,1,1,0,0,0,0,1,0,1,0,0,0,0,0,0,lovetrap.apk
1,1,0,1,1,0,0,0,0,1,0,1,0,0,0,0,0,0,lovetrap.apk
1,1,0,1,1,0,0,0,0,1,0,1,0,0,0,0,0,0,lovetrap.apk
1,1,0,0,1,1,0,0,1,0,0,1,1,0,0,1,0,1,nickybot.apk
1,1,0,0,1,1,0,0,1,0,0,1,1,0,0,1,0,1,nickybot.apk
1,1,0,0,1,1,0,0,1,0,0,1,1,0,0,1,0,1,nickybot.apk
1,1,0,0,1,1,0,0,1,0,0,1,1,0,0,1,0,1,nickybot.apk
1,1,0,0,1,1,0,0,1,0,0,1,1,0,0,1,0,1,nickybot.apk
1,1,0,0,1,1,0,0,1,0,0,1,1,0,0,1,0,1,nickybot.apk
1,1,0,0,1,1,0,0,1,0,0,1,1,0,0,1,0,1,nickybot.apk
1,1,0,0,1,1,0,0,1,0,0,1,1,0,0,1,0,1,nickybot.apk
1,1,0,0,1,1,0,0,1,0,0,1,1,0,0,1,0,1,nickybot.apk
1,1,0,0,1,1,0,0,1,0,0,1,1,0,0,1,0,1,nickybot.apk
1,1,0,0,1,1,0,0,1,0,0,1,1,0,0,1,0,1,nickybot.apk
0,0,0,0,1,1,0,0,1,0,0,1,1,0,0,1,0,0,nickyspy.apk
0,0,0,0,1,1,0,0,1,0,0,1,1,0,0,1,0,0,nickyspy.apk
0,0,0,0,1,1,0,0,1,0,0,1,1,0,0,1,0,0,nickyspy.apk
0,0,0,0,1,1,0,0,1,0,0,1,1,0,0,1,0,0,nickyspy.apk
0,0,0,0,1,1,0,0,1,0,0,1,1,0,0,1,0,0,nickyspy.apk
0,0,0,0,1,1,0,0,1,0,0,1,1,0,0,1,0,0,nickyspy.apk
0,0,0,0,1,1,0,0,1,0,0,1,1,0,0,1,0,0,nickyspy.apk
0,0,0,0,1,1,0,0,1,0,0,1,1,0,0,1,0,0,nickyspy.apk
0,0,0,0,1,1,0,0,1,0,0,1,1,0,0,1,0,0,nickyspy.apk
0,0,0,0,1,1,0,0,1,0,0,1,1,0,0,1,0,0,nickyspy.apk
0,0,0,0,1,1,0,0,1,0,0,1,1,0,0,1,0,0,nickyspy.apk
0,0,0,0,0,0,0,0,0,0,0,0,0,0,0,0,0,0,pjapps.apk
0,0,0,0,0,0,0,0,0,0,0,0,0,0,0,0,0,0,pjapps.apk
1,1,0,0,1,0,1,0,0,0,0,1,0,0,0,0,0,0,pjapps.apk
1,1,0,0,1,0,1,0,0,0,0,1,0,0,0,0,0,0,pjapps.apk
1,1,0,0,1,0,1,0,0,0,0,1,0,0,0,0,0,0,pjapps.apk
1,1,0,0,1,0,1,0,0,0,0,1,0,0,0,0,0,0,pjapps.apk
0,0,0,0,0,0,0,0,0,0,0,0,0,0,0,0,0,0,pjapps.apk
1,1,0,0,1,0,1,0,0,0,0,1,0,0,0,0,0,0,pjapps.apk
1,1,0,0,1,0,1,0,0,0,0,1,0,0,0,0,0,0,pjapps.apk
1,1,0,0,1,0,1,0,0,0,0,1,0,0,0,0,0,0,pjapps.apk
1,1,0,0,1,0,1,0,0,0,0,1,0,0,0,0,0,0,pjapps.apk
0,0,0,0,1,0,0,0,0,1,0,1,0,0,0,0,0,0,pl.infinzmedia.brokenscreenfree.apk
0,0,0,0,1,0,0,0,0,1,0,1,0,0,0,0,0,0,pl.infinzmedia.brokenscreenfree.apk
0,0,0,0,1,0,0,0,0,1,0,1,0,0,0,0,0,0,pl.infinzmedia.brokenscreenfree.apk
0,0,0,0,1,0,0,0,0,1,0,1,0,0,0,0,0,0,pl.infinzmedia.brokenscreenfree.apk
0,0,0,0,1,0,0,0,0,1,0,1,0,0,0,0,0,0,pl.infinzmedia.brokenscreenfree.apk
0,0,0,0,1,0,0,0,0,1,0,1,0,0,0,0,0,0,pl.infinzmedia.brokenscreenfree.apk
0,0,0,0,1,0,0,0,0,1,0,1,0,0,0,0,0,0,pl.infinzmedia.brokenscreenfree.apk
0,0,0,0,1,0,0,0,0,1,0,1,0,0,0,0,0,0,pl.infinzmedia.brokenscreenfree.apk
0,0,0,0,1,0,0,0,0,1,0,1,0,0,0,0,0,0,pl.infinzmedia.brokenscreenfree.apk
0,0,0,0,1,0,0,0,0,1,0,1,0,0,0,0,0,0,pl.infinzmedia.brokenscreenfree.apk
0,0,0,0,1,0,0,0,0,1,0,1,0,0,0,0,0,0,pl.infinzmedia.brokenscreenfree.apk
0,0,0,0,1,0,0,0,0,1,0,1,0,0,0,0,0,0,pl.infinzmedia.catdancer.apk
0,0,0,0,1,0,0,0,0,1,0,1,0,0,0,0,0,0,pl.infinzmedia.catdancer.apk
0,0,0,0,1,0,0,0,0,1,0,1,0,0,0,0,0,0,pl.infinzmedia.catdancer.apk
0,0,0,0,1,0,0,0,0,1,0,1,0,0,0,0,0,0,pl.infinzmedia.catdancer.apk
0,0,0,0,1,0,0,0,0,1,0,1,0,0,0,0,0,0,pl.infinzmedia.catdancer.apk
0,0,0,0,1,0,0,0,0,1,0,1,0,0,0,0,0,0,pl.infinzmedia.catdancer.apk
0,0,0,0,1,0,0,0,0,1,0,1,0,0,0,0,0,0,pl.infinzmedia.catdancer.apk
0,0,0,0,1,0,0,0,0,1,0,1,0,0,0,0,0,0,pl.infinzmedia.catdancer.apk
0,0,0,0,1,0,0,0,0,1,0,1,0,0,0,0,0,0,pl.infinzmedia.catdancer.apk
0,0,0,0,1,0,0,0,0,1,0,1,0,0,0,0,0,0,pl.infinzmedia.catdancer.apk
0,0,0,0,1,0,0,0,0,1,0,1,0,0,0,0,0,0,pl.infinzmedia.catdancer.apk
0,0,0,0,1,0,0,0,0,1,0,1,1,0,0,0,0,0,plankton.apk
0,0,0,0,1,0,0,0,0,1,0,1,1,0,0,0,0,0,plankton.apk
0,0,0,0,1,0,0,0,0,1,0,1,1,0,0,0,0,0,plankton.apk
0,0,0,0,1,0,0,0,0,1,0,1,1,0,0,0,0,0,plankton.apk
0,0,0,0,1,0,0,0,0,1,0,1,1,0,0,0,0,0,plankton.apk
0,0,0,0,1,0,0,0,0,1,0,1,1,0,0,0,0,0,plankton.apk
0,0,0,0,1,0,0,0,0,1,0,1,1,0,0,0,0,0,plankton.apk
0,0,0,0,1,0,0,0,0,1,0,1,1,0,0,0,0,0,plankton.apk
0,0,0,0,1,0,0,0,0,1,0,1,1,0,0,0,0,0,plankton.apk
0,0,0,0,1,0,0,0,0,1,0,1,1,0,0,0,0,0,plankton.apk
0,0,0,0,1,0,0,0,0,1,0,1,1,0,0,0,0,0,plankton.apk
1,1,0,0,1,0,0,0,0,1,0,1,0,0,0,1,0,1,roguelemon.apk
1,1,0,0,1,0,0,0,0,1,0,1,0,0,0,1,0,1,roguelemon.apk
1,1,0,0,1,0,0,0,0,1,0,1,0,0,0,1,0,1,roguelemon.apk
1,1,0,0,1,0,0,0,0,1,0,1,0,0,0,1,0,1,roguelemon.apk
1,1,0,0,1,0,0,0,0,1,0,1,0,0,0,1,0,1,roguelemon.apk
1,1,0,0,1,0,0,0,0,1,0,1,0,0,0,1,0,1,roguelemon.apk
1,1,0,0,1,0,0,0,0,1,0,1,0,0,0,1,0,1,roguelemon.apk
1,1,0,0,1,0,0,0,0,1,0,1,0,0,0,1,0,1,roguelemon.apk
1,1,0,0,1,0,0,0,0,1,0,1,0,0,0,1,0,1,roguelemon.apk
1,1,0,0,1,0,0,0,0,1,0,1,0,0,0,1,0,1,roguelemon.apk
1,1,0,0,1,0,0,0,0,1,0,1,0,0,0,1,0,1,roguelemon.apk
0,0,0,0,1,0,0,0,0,1,0,1,1,0,0,0,0,0,roguesppush.apk
0,0,0,0,1,0,0,0,0,1,0,1,1,0,0,0,0,0,roguesppush.apk
0,0,0,0,1,0,0,0,0,1,0,1,1,0,0,0,0,0,roguesppush.apk
0,0,0,0,1,0,0,0,0,1,0,1,1,0,0,0,0,0,roguesppush.apk
0,0,0,0,1,0,0,0,0,1,0,1,1,0,0,0,0,0,roguesppush.apk
0,0,0,0,1,0,0,0,0,1,0,1,1,0,0,0,0,0,roguesppush.apk
0,0,0,0,1,0,0,0,0,1,0,1,1,0,0,0,0,0,roguesppush.apk
0,0,0,0,1,0,0,0,0,1,0,1,1,0,0,0,0,0,roguesppush.apk
0,0,0,0,1,0,0,0,0,1,0,1,1,0,0,0,0,0,roguesppush.apk
0,0,0,0,1,0,0,0,0,1,0,1,1,0,0,0,0,0,roguesppush.apk
0,0,0,0,1,0,0,0,0,1,0,1,1,0,0,0,0,0,roguesppush.apk
0,0,0,0,0,0,0,0,0,1,0,1,0,0,0,0,0,0,ru.kvins.draw.horses.apk
0,0,0,0,0,0,0,0,0,1,0,1,0,0,0,0,0,0,ru.kvins.draw.horses.apk
0,0,0,0,0,0,0,0,0,1,0,1,0,0,0,0,0,0,ru.kvins.draw.horses.apk
0,0,0,0,0,0,0,0,0,1,0,1,0,0,0,0,0,0,ru.kvins.draw.horses.apk
0,0,0,0,0,0,0,0,0,1,0,1,0,0,0,0,0,0,ru.kvins.draw.horses.apk
0,0,0,0,0,0,0,0,0,1,0,1,0,0,0,0,0,0,ru.kvins.draw.horses.apk
0,0,0,0,0,0,0,0,0,1,0,1,0,0,0,0,0,0,ru.kvins.draw.horses.apk
0,0,0,0,0,0,0,0,0,1,0,1,0,0,0,0,0,0,ru.kvins.draw.horses.apk
0,0,0,0,0,0,0,0,0,1,0,1,0,0,0,0,0,0,ru.kvins.draw.horses.apk
0,0,0,0,0,0,0,0,0,1,0,1,0,0,0,0,0,0,ru.kvins.draw.horses.apk
0,0,0,0,0,0,0,0,0,1,0,1,0,0,0,0,0,0,ru.kvins.draw.horses.apk
1,1,0,0,0,0,0,0,0,0,0,0,1,0,0,0,0,0,smsreplicator.apk
1,1,0,0,0,0,0,0,0,0,0,0,1,0,0,0,0,0,smsreplicator.apk
1,1,0,0,0,0,0,0,0,0,0,0,1,0,0,0,0,0,smsreplicator.apk
1,1,0,0,0,0,0,0,0,0,0,0,1,0,0,0,0,0,smsreplicator.apk
1,1,0,0,0,0,0,0,0,0,0,0,1,0,0,0,0,0,smsreplicator.apk
1,1,0,0,0,0,0,0,0,0,0,0,1,0,0,0,0,0,smsreplicator.apk
1,1,0,0,0,0,0,0,0,0,0,0,1,0,0,0,0,0,smsreplicator.apk
1,1,0,0,0,0,0,0,0,0,0,0,1,0,0,0,0,0,smsreplicator.apk
1,1,0,0,0,0,0,0,0,0,0,0,1,0,0,0,0,0,smsreplicator.apk
1,1,0,0,0,0,0,0,0,0,0,0,1,0,0,0,0,0,smsreplicator.apk
1,1,0,0,0,0,0,0,0,0,0,0,1,0,0,0,0,0,smsreplicator.apk
0,0,0,1,1,0,0,0,0,0,0,1,0,0,0,0,0,0,sndapps.apk
0,0,0,1,1,0,0,0,0,0,0,1,0,0,0,0,0,0,sndapps.apk
0,0,0,1,1,0,0,0,0,0,0,1,0,0,0,0,0,0,sndapps.apk
0,0,0,1,1,0,0,0,0,0,0,1,0,0,0,0,0,0,sndapps.apk
0,0,0,1,1,0,0,0,0,0,0,1,0,0,0,0,0,0,sndapps.apk
0,0,0,1,1,0,0,0,0,0,0,1,0,0,0,0,0,0,sndapps.apk
0,0,0,1,1,0,0,0,0,0,0,1,0,0,0,0,0,0,sndapps.apk
0,0,0,1,1,0,0,0,0,0,0,1,0,0,0,0,0,0,sndapps.apk
0,0,0,1,1,0,0,0,0,0,0,1,0,0,0,0,0,0,sndapps.apk
0,0,0,1,1,0,0,0,0,0,0,1,0,0,0,0,0,0,sndapps.apk
0,0,0,1,1,0,0,0,0,0,0,1,0,0,0,0,0,0,sndapps.apk
1,1,0,0,1,1,0,0,1,0,0,1,0,0,0,0,0,0,spitmo.apk
1,1,0,0,1,1,0,0,1,0,0,1,0,0,0,0,0,0,spitmo.apk
1,1,0,0,1,1,0,0,1,0,0,1,0,0,0,0,0,0,spitmo.apk
1,1,0,0,1,1,0,0,1,0,0,1,0,0,0,0,0,0,spitmo.apk
1,1,0,0,1,1,0,0,1,0,0,1,0,0,0,0,0,0,spitmo.apk
1,1,0,0,1,1,0,0,1,0,0,1,0,0,0,0,0,0,spitmo.apk
1,1,0,0,1,1,0,0,1,0,0,1,0,0,0,0,0,0,spitmo.apk
1,1,0,0,1,1,0,0,1,0,0,1,0,0,0,0,0,0,spitmo.apk
1,1,0,0,1,1,0,0,1,0,0,1,0,0,0,0,0,0,spitmo.apk
1,1,0,0,1,1,0,0,1,0,0,1,0,0,0,0,0,0,spitmo.apk
1,1,0,0,1,1,0,0,1,0,0,1,0,0,0,0,0,0,spitmo.apk
0,0,0,1,0,0,0,0,0,0,0,1,0,0,0,1,0,0,tapsnake.apk
0,0,0,1,0,0,0,0,0,0,0,1,0,0,0,1,0,0,tapsnake.apk
0,0,0,1,0,0,0,0,0,0,0,1,0,0,0,1,0,0,tapsnake.apk
0,0,0,1,0,0,0,0,0,0,0,1,0,0,0,1,0,0,tapsnake.apk
0,0,0,1,0,0,0,0,0,0,0,1,0,0,0,1,0,0,tapsnake.apk
0,0,0,1,0,0,0,0,0,0,0,1,0,0,0,1,0,0,tapsnake.apk
0,0,0,1,0,0,0,0,0,0,0,1,0,0,0,1,0,0,tapsnake.apk
0,0,0,1,0,0,0,0,0,0,0,1,0,0,0,1,0,0,tapsnake.apk
0,0,0,1,0,0,0,0,0,0,0,1,0,0,0,1,0,0,tapsnake.apk
0,0,0,1,0,0,0,0,0,0,0,1,0,0,0,1,0,0,tapsnake.apk
0,0,0,1,0,0,0,0,0,0,0,1,0,0,0,1,0,0,tapsnake.apk
0,0,0,1,1,0,0,0,0,1,0,1,0,0,0,0,0,0,the.wifi.hacker.apk
0,0,0,1,1,0,0,0,0,1,0,1,0,0,0,0,0,0,the.wifi.hacker.apk
0,0,0,1,1,0,0,0,0,1,0,1,0,0,0,0,0,0,the.wifi.hacker.apk
0,0,0,1,1,0,0,0,0,1,0,1,0,0,0,0,0,0,the.wifi.hacker.apk
0,0,0,1,1,0,0,0,0,1,0,1,0,0,0,0,0,0,the.wifi.hacker.apk
0,0,0,1,1,0,0,0,0,1,0,1,0,0,0,0,0,0,the.wifi.hacker.apk
0,0,0,1,1,0,0,0,0,1,0,1,0,0,0,0,0,0,the.wifi.hacker.apk
0,0,0,1,1,0,0,0,0,1,0,1,0,0,0,0,0,0,the.wifi.hacker.apk
0,0,0,1,1,0,0,0,0,1,0,1,0,0,0,0,0,0,the.wifi.hacker.apk
0,0,0,1,1,0,0,0,0,1,0,1,0,0,0,0,0,0,the.wifi.hacker.apk
0,0,0,1,1,0,0,0,0,1,0,1,0,0,0,0,0,0,the.wifi.hacker.apk
0,0,0,0,0,0,0,0,0,0,0,0,0,0,0,0,0,0,vt1.apk
0,0,0,0,0,0,0,0,0,0,0,0,0,0,0,0,0,0,vt1.apk
0,0,0,0,0,0,0,0,0,0,0,0,0,0,0,0,0,0,vt1.apk
0,0,0,0,0,0,0,0,0,0,0,0,0,0,0,0,0,0,vt1.apk
0,0,0,0,0,0,0,0,0,0,0,0,0,0,0,0,0,0,vt1.apk
0,0,0,0,0,0,0,0,0,0,0,0,0,0,0,0,0,0,vt1.apk
0,0,0,0,0,0,0,0,0,0,0,0,0,0,0,0,0,0,vt1.apk
0,0,0,0,0,0,0,0,0,0,0,0,0,0,0,0,0,0,vt1.apk
0,0,0,0,0,0,0,0,0,0,0,0,0,0,0,0,0,0,vt1.apk
0,0,0,0,0,0,0,0,0,0,0,0,0,0,0,0,0,0,vt1.apk
0,0,0,0,0,0,0,0,0,0,0,0,0,0,0,0,0,0,vt1.apk
0,0,0,0,0,0,0,0,0,0,0,1,0,0,0,0,0,0,vt3.apk
0,0,0,0,0,0,0,0,0,0,0,1,0,0,0,0,0,0,vt3.apk
0,0,0,0,0,0,0,0,0,0,0,1,0,0,0,0,0,0,vt3.apk
0,0,0,0,0,0,0,0,0,0,0,1,0,0,0,0,0,0,vt3.apk
0,0,0,0,0,0,0,0,0,0,0,1,0,0,0,0,0,0,vt3.apk
0,0,0,0,0,0,0,0,0,0,0,1,0,0,0,0,0,0,vt3.apk
0,0,0,0,0,0,0,0,0,0,0,1,0,0,0,0,0,0,vt3.apk
0,0,0,0,0,0,0,0,0,0,0,1,0,0,0,0,0,0,vt3.apk
0,0,0,0,0,0,0,0,0,0,0,1,0,0,0,0,0,0,vt3.apk
0,0,0,0,0,0,0,0,0,0,0,1,0,0,0,0,0,0,vt3.apk
0,0,0,0,0,0,0,0,0,0,0,1,0,0,0,0,0,0,vt3.apk
0,0,1,0,1,0,0,0,0,0,0,0,0,0,0,1,0,1,vt4.apk
0,0,1,0,1,0,0,0,0,0,0,0,0,0,0,1,0,1,vt4.apk
0,0,1,0,1,0,0,0,0,0,0,0,0,0,0,1,0,1,vt4.apk
0,0,1,0,1,0,0,0,0,0,0,0,0,0,0,1,0,1,vt4.apk
0,0,1,0,1,0,0,0,0,0,0,0,0,0,0,1,0,1,vt4.apk
0,0,1,0,1,0,0,0,0,0,0,0,0,0,0,1,0,1,vt4.apk
0,0,1,0,1,0,0,0,0,0,0,0,0,0,0,1,0,1,vt4.apk
0,0,1,0,1,0,0,0,0,0,0,0,0,0,0,1,0,1,vt4.apk
0,0,1,0,1,0,0,0,0,0,0,0,0,0,0,1,0,1,vt4.apk
0,0,1,0,1,0,0,0,0,0,0,0,0,0,0,1,0,1,vt4.apk
0,0,1,0,1,0,0,0,0,0,0,0,0,0,0,1,0,1,vt4.apk
0,0,0,0,1,0,0,0,0,1,0,1,0,0,0,0,0,0,vt5.apk
0,0,0,0,1,0,0,0,0,1,0,1,0,0,0,0,0,0,vt5.apk
0,0,0,0,1,0,0,0,0,1,0,1,0,0,0,0,0,0,vt5.apk
0,0,0,0,1,0,0,0,0,1,0,1,0,0,0,0,0,0,vt5.apk
0,0,0,0,1,0,0,0,0,1,0,1,0,0,0,0,0,0,vt5.apk
0,0,0,0,1,0,0,0,0,1,0,1,0,0,0,0,0,0,vt5.apk
0,0,0,0,1,0,0,0,0,1,0,1,0,0,0,0,0,0,vt5.apk
0,0,0,0,1,0,0,0,0,1,0,1,0,0,0,0,0,0,vt5.apk
0,0,0,0,1,0,0,0,0,1,0,1,0,0,0,0,0,0,vt5.apk
0,0,0,0,1,0,0,0,0,1,0,1,0,0,0,0,0,0,vt5.apk
0,0,0,0,1,0,0,0,0,1,0,1,0,0,0,0,0,0,vt5.apk
0,0,0,0,0,0,0,0,0,0,0,0,0,0,0,0,0,0,vt6.apk
0,0,0,0,0,0,0,0,0,0,0,0,0,0,0,0,0,0,vt6.apk
0,0,0,0,0,0,0,0,0,0,0,0,0,0,0,0,0,0,vt6.apk
0,0,0,0,0,0,0,0,0,0,0,0,0,0,0,0,0,0,vt6.apk
0,0,0,0,0,0,0,0,0,0,0,0,0,0,0,0,0,0,vt6.apk
0,0,0,0,0,0,0,0,0,0,0,0,0,0,0,0,0,0,vt6.apk
0,0,0,0,0,0,0,0,0,0,0,0,0,0,0,0,0,0,vt6.apk
0,0,0,0,0,0,0,0,0,0,0,0,0,0,0,0,0,0,vt6.apk
0,0,0,0,0,0,0,0,0,0,0,0,0,0,0,0,0,0,vt6.apk
0,0,0,0,0,0,0,0,0,0,0,0,0,0,0,0,0,0,vt6.apk
0,0,0,0,0,0,0,0,0,0,0,0,0,0,0,0,0,0,vt6.apk
0,0,0,0,0,0,0,0,0,0,0,0,0,0,0,0,0,0,vt7.apk
0,0,0,0,0,0,0,0,0,0,0,0,0,0,0,0,0,0,vt7.apk
0,0,0,0,0,0,0,0,0,0,0,0,0,0,0,0,0,0,vt7.apk
0,0,0,0,0,0,0,0,0,0,0,0,0,0,0,0,0,0,vt7.apk
0,0,0,0,0,0,0,0,0,0,0,0,0,0,0,0,0,0,vt7.apk
0,0,0,0,0,0,0,0,0,0,0,0,0,0,0,0,0,0,vt7.apk
0,0,0,0,0,0,0,0,0,0,0,0,0,0,0,0,0,0,vt7.apk
0,0,0,0,0,0,0,0,0,0,0,0,0,0,0,0,0,0,vt7.apk
0,0,0,0,0,0,0,0,0,0,0,0,0,0,0,0,0,0,vt7.apk
0,0,0,0,0,0,0,0,0,0,0,0,0,0,0,0,0,0,vt7.apk
0,0,0,0,0,0,0,0,0,0,0,0,0,0,0,0,0,0,vt7.apk
0,0,0,0,0,0,0,0,0,0,0,1,0,0,0,0,0,0,vt8.apk
0,0,0,0,0,0,0,0,0,0,0,1,0,0,0,0,0,0,vt8.apk
0,0,0,0,0,0,0,0,0,0,0,1,0,0,0,0,0,0,vt8.apk
0,0,0,0,0,0,0,0,0,0,0,1,0,0,0,0,0,0,vt8.apk
0,0,0,0,0,0,0,0,0,0,0,1,0,0,0,0,0,0,vt8.apk
0,0,0,0,0,0,0,0,0,0,0,1,0,0,0,0,0,0,vt8.apk
0,0,0,0,0,0,0,0,0,0,0,1,0,0,0,0,0,0,vt8.apk
0,0,0,0,0,0,0,0,0,0,0,1,0,0,0,0,0,0,vt8.apk
0,0,0,0,0,0,0,0,0,0,0,1,0,0,0,0,0,0,vt8.apk
0,0,0,0,0,0,0,0,0,0,0,1,0,0,0,0,0,0,vt8.apk
0,0,0,0,0,0,0,0,0,0,0,1,0,0,0,0,0,0,vt8.apk
0,0,0,0,1,0,0,0,0,1,0,1,0,0,1,1,1,0,vt9.apk
0,0,0,0,1,0,0,0,0,1,0,1,0,0,1,1,1,0,vt9.apk
0,0,0,0,1,0,0,0,0,1,0,1,0,0,1,1,1,0,vt9.apk
0,0,0,0,1,0,0,0,0,1,0,1,0,0,1,1,1,0,vt9.apk
0,0,0,0,1,0,0,0,0,1,0,1,0,0,1,1,1,0,vt9.apk
0,0,0,0,1,0,0,0,0,1,0,1,0,0,1,1,1,0,vt9.apk
0,0,0,0,1,0,0,0,0,1,0,1,0,0,1,1,1,0,vt9.apk
0,0,0,0,1,0,0,0,0,1,0,1,0,0,1,1,1,0,vt9.apk
0,0,0,0,1,0,0,0,0,1,0,1,0,0,1,1,1,0,vt9.apk
0,0,0,0,1,0,0,0,0,1,0,1,0,0,1,1,1,0,vt9.apk
0,0,0,0,1,0,0,0,0,1,0,1,0,0,1,1,1,0,vt9.apk
0,0,0,0,0,0,0,0,0,0,0,1,0,0,0,1,0,0,vta.apk
0,0,0,0,0,0,0,0,0,0,0,1,0,0,0,1,0,0,vta.apk
0,0,0,0,0,0,0,0,0,0,0,1,0,0,0,1,0,0,vta.apk
0,0,0,0,0,0,0,0,0,0,0,1,0,0,0,1,0,0,vta.apk
0,0,0,0,0,0,0,0,0,0,0,1,0,0,0,1,0,0,vta.apk
0,0,0,0,0,0,0,0,0,0,0,1,0,0,0,1,0,0,vta.apk
0,0,0,0,0,0,0,0,0,0,0,1,0,0,0,1,0,0,vta.apk
0,0,0,0,0,0,0,0,0,0,0,1,0,0,0,1,0,0,vta.apk
0,0,0,0,0,0,0,0,0,0,0,1,0,0,0,1,0,0,vta.apk
0,0,0,0,0,0,0,0,0,0,0,1,0,0,0,1,0,0,vta.apk
0,0,0,0,0,0,0,0,0,0,0,1,0,0,0,1,0,0,vta.apk
1,0,0,0,1,0,0,0,0,1,0,1,1,0,0,0,0,0,walkinwat.apk
1,0,0,0,1,0,0,0,0,1,0,1,1,0,0,0,0,0,walkinwat.apk
1,0,0,0,1,0,0,0,0,1,0,1,1,0,0,0,0,0,walkinwat.apk
1,0,0,0,1,0,0,0,0,1,0,1,1,0,0,0,0,0,walkinwat.apk
1,0,0,0,1,0,0,0,0,1,0,1,1,0,0,0,0,0,walkinwat.apk
1,0,0,0,1,0,0,0,0,1,0,1,1,0,0,0,0,0,walkinwat.apk
1,0,0,0,1,0,0,0,0,1,0,1,1,0,0,0,0,0,walkinwat.apk
1,0,0,0,1,0,0,0,0,1,0,1,1,0,0,0,0,0,walkinwat.apk
1,0,0,0,1,0,0,0,0,1,0,1,1,0,0,0,0,0,walkinwat.apk
1,0,0,0,1,0,0,0,0,1,0,1,1,0,0,0,0,0,walkinwat.apk
1,0,0,0,1,0,0,0,0,1,0,1,1,0,0,0,0,0,walkinwat.apk
0,0,0,0,1,0,0,0,0,1,0,1,0,0,0,0,0,0,walle.bbm.apk
0,0,0,0,1,0,0,0,0,1,0,1,0,0,0,0,0,0,walle.bbm.apk
0,0,0,0,1,0,0,0,0,1,0,1,0,0,0,0,0,0,walle.bbm.apk
0,0,0,0,1,0,0,0,0,1,0,1,0,0,0,0,0,0,walle.bbm.apk
0,0,0,0,1,0,0,0,0,1,0,1,0,0,0,0,0,0,walle.bbm.apk
0,0,0,0,1,0,0,0,0,1,0,1,0,0,0,0,0,0,walle.bbm.apk
0,0,0,0,1,0,0,0,0,1,0,1,0,0,0,0,0,0,walle.bbm.apk
0,0,0,0,1,0,0,0,0,1,0,1,0,0,0,0,0,0,walle.bbm.apk
0,0,0,0,1,0,0,0,0,1,0,1,0,0,0,0,0,0,walle.bbm.apk
0,0,0,0,1,0,0,0,0,1,0,1,0,0,0,0,0,0,walle.bbm.apk
0,0,0,0,1,0,0,0,0,1,0,1,0,0,0,0,0,0,walle.bbm.apk
1,0,0,1,1,1,0,0,1,1,0,1,0,0,0,0,0,0,yzhc.apk
1,0,0,1,1,1,0,0,1,1,0,1,0,0,0,0,0,0,yzhc.apk
1,0,0,1,1,1,0,0,1,1,0,1,0,0,0,0,0,0,yzhc.apk
1,0,0,1,1,1,0,0,1,1,0,1,0,0,0,0,0,0,yzhc.apk
1,0,0,1,1,1,0,0,1,1,0,1,0,0,0,0,0,0,yzhc.apk
1,0,0,1,1,1,0,0,1,1,0,1,0,0,0,0,0,0,yzhc.apk
1,0,0,1,1,1,0,0,1,1,0,1,0,0,0,0,0,0,yzhc.apk
1,0,0,1,1,1,0,0,1,1,0,1,0,0,0,0,0,0,yzhc.apk
1,0,0,1,1,1,0,0,1,1,0,1,0,0,0,0,0,0,yzhc.apk
1,0,0,1,1,1,0,0,1,1,0,1,0,0,0,0,0,0,yzhc.apk
1,0,0,1,1,1,0,0,1,1,0,1,0,0,0,0,0,0,yzhc.apk
1,1,0,1,1,1,0,0,1,1,0,1,1,0,0,1,1,0,zhash.apk
1,1,0,1,1,1,0,0,1,1,0,1,1,0,0,1,1,0,zhash.apk
1,1,0,1,1,1,0,0,1,1,0,1,1,0,0,1,1,0,zhash.apk
1,1,0,1,1,1,0,0,1,1,0,1,1,0,0,1,1,0,zhash.apk
1,1,0,1,1,1,0,0,1,1,0,1,1,0,0,1,1,0,zhash.apk
1,1,0,1,1,1,0,0,1,1,0,1,1,0,0,1,1,0,zhash.apk
1,1,0,1,1,1,0,0,1,1,0,1,1,0,0,1,1,0,zhash.apk
1,1,0,1,1,1,0,0,1,1,0,1,1,0,0,1,1,0,zhash.apk
1,1,0,1,1,1,0,0,1,1,0,1,1,0,0,1,1,0,zhash.apk
1,1,0,1,1,1,0,0,1,1,0,1,1,0,0,1,1,0,zhash.apk
1,1,0,1,1,1,0,0,1,1,0,1,1,0,0,1,1,0,zhash.apk
0,1,0,0,1,0,0,0,0,0,0,1,0,0,0,0,0,0,zitmo.apk
0,1,0,0,1,0,0,0,0,0,0,1,0,0,0,0,0,0,zitmo.apk
0,1,0,0,1,0,0,0,0,0,0,1,0,0,0,0,0,0,zitmo.apk
0,1,0,0,1,0,0,0,0,0,0,1,0,0,0,0,0,0,zitmo.apk
0,1,0,0,1,0,0,0,0,0,0,1,0,0,0,0,0,0,zitmo.apk
0,1,0,0,1,0,0,0,0,0,0,1,0,0,0,0,0,0,zitmo.apk
0,1,0,0,1,0,0,0,0,0,0,1,0,0,0,0,0,0,zitmo.apk
0,1,0,0,1,0,0,0,0,0,0,1,0,0,0,0,0,0,zitmo.apk
0,1,0,0,1,0,0,0,0,0,0,1,0,0,0,0,0,0,zitmo.apk
0,1,0,0,1,0,0,0,0,0,0,1,0,0,0,0,0,0,zitmo.apk
0,1,0,0,1,0,0,0,0,0,0,1,0,0,0,0,0,0,zitmo.apk
0,0,0,0,0,0,0,0,0,0,0,1,0,0,0,0,0,0,zok.android.letters.apk
0,0,0,0,0,0,0,0,0,0,0,1,0,0,0,0,0,0,zok.android.letters.apk
0,0,0,0,0,0,0,0,0,0,0,1,0,0,0,0,0,0,zok.android.letters.apk
0,0,0,0,0,0,0,0,0,0,0,1,0,0,0,0,0,0,zok.android.letters.apk
0,0,0,0,0,0,0,0,0,0,0,1,0,0,0,0,0,0,zok.android.letters.apk
0,0,0,0,0,0,0,0,0,0,0,1,0,0,0,0,0,0,zok.android.letters.apk
0,0,0,0,0,0,0,0,0,0,0,1,0,0,0,0,0,0,zok.android.letters.apk
0,0,0,0,0,0,0,0,0,0,0,1,0,0,0,0,0,0,zok.android.letters.apk
0,0,0,0,0,0,0,0,0,0,0,1,0,0,0,0,0,0,zok.android.letters.apk
0,0,0,0,0,0,0,0,0,0,0,1,0,0,0,0,0,0,zok.android.letters.apk
0,0,0,0,0,0,0,0,0,0,0,1,0,0,0,0,0,0,zok.android.letters.apk
0,0,0,0,0,0,0,0,0,0,0,1,0,0,0,0,0,0,zok.android.numbers.apk
0,0,0,0,0,0,0,0,0,0,0,1,0,0,0,0,0,0,zok.android.numbers.apk
0,0,0,0,0,0,0,0,0,0,0,1,0,0,0,0,0,0,zok.android.numbers.apk
0,0,0,0,0,0,0,0,0,0,0,1,0,0,0,0,0,0,zok.android.numbers.apk
0,0,0,0,0,0,0,0,0,0,0,1,0,0,0,0,0,0,zok.android.numbers.apk
0,0,0,0,0,0,0,0,0,0,0,1,0,0,0,0,0,0,zok.android.numbers.apk
0,0,0,0,0,0,0,0,0,0,0,1,0,0,0,0,0,0,zok.android.numbers.apk
0,0,0,0,0,0,0,0,0,0,0,1,0,0,0,0,0,0,zok.android.numbers.apk
0,0,0,0,0,0,0,0,0,0,0,1,0,0,0,0,0,0,zok.android.numbers.apk
0,0,0,0,0,0,0,0,0,0,0,1,0,0,0,0,0,0,zok.android.numbers.apk
0,0,0,0,0,0,0,0,0,0,0,1,0,0,0,0,0,0,zok.android.numbers.apk
0,0,0,0,0,0,0,0,0,0,0,1,0,0,0,0,0,0,zok.android.phonics.apk
0,0,0,0,0,0,0,0,0,0,0,1,0,0,0,0,0,0,zok.android.phonics.apk
0,0,0,0,0,0,0,0,0,0,0,1,0,0,0,0,0,0,zok.android.phonics.apk
0,0,0,0,0,0,0,0,0,0,0,1,0,0,0,0,0,0,zok.android.phonics.apk
0,0,0,0,0,0,0,0,0,0,0,1,0,0,0,0,0,0,zok.android.phonics.apk
0,0,0,0,0,0,0,0,0,0,0,1,0,0,0,0,0,0,zok.android.phonics.apk
0,0,0,0,0,0,0,0,0,0,0,1,0,0,0,0,0,0,zok.android.phonics.apk
0,0,0,0,0,0,0,0,0,0,0,1,0,0,0,0,0,0,zok.android.phonics.apk
0,0,0,0,0,0,0,0,0,0,0,1,0,0,0,0,0,0,zok.android.phonics.apk
0,0,0,0,0,0,0,0,0,0,0,1,0,0,0,0,0,0,zok.android.phonics.apk
0,0,0,0,0,0,0,0,0,0,0,1,0,0,0,0,0,0,zok.android.phonics.apk
1,1,0,0,0,0,0,0,0,0,0,1,0,0,0,0,0,0,zsone.apk
1,1,0,0,0,0,0,0,0,0,0,1,0,0,0,0,0,0,zsone.apk
1,1,0,0,0,0,0,0,0,0,0,1,0,0,0,0,0,0,zsone.apk
1,1,0,0,0,0,0,0,0,0,0,1,0,0,0,0,0,0,zsone.apk
1,1,0,0,0,0,0,0,0,0,0,1,0,0,0,0,0,0,zsone.apk
1,1,0,0,0,0,0,0,0,0,0,1,0,0,0,0,0,0,zsone.apk
1,1,0,0,0,0,0,0,0,0,0,1,0,0,0,0,0,0,zsone.apk
1,1,0,0,0,0,0,0,0,0,0,1,0,0,0,0,0,0,zsone.apk
1,1,0,0,0,0,0,0,0,0,0,1,0,0,0,0,0,0,zsone.apk
1,1,0,0,0,0,0,0,0,0,0,1,0,0,0,0,0,0,zsone.apk
1,1,0,0,0,0,0,0,0,0,0,1,0,0,0,0,0,0,zsone.apk
